update,global_step,episodes,win_rate,mean_return,mean_length,policy_loss,value_loss,entropy,approx_kl,clip_frac
1,1024,298,0.1879,0.255,3.436,-0.00262,14.75844,2.26382,0.00078,0.0
2,2048,576,0.1727,0.252,3.662,-0.00348,12.58916,2.2536,0.00141,0.0
3,3072,862,0.1888,0.43,3.598,-0.00449,13.765,2.24088,0.00189,0.0005
4,4096,1143,0.2313,1.103,3.633,-0.00534,17.24461,2.2328,0.00233,0.0
5,5120,1432,0.1799,0.246,3.547,-0.00497,12.51042,2.23397,0.00216,0.0005
6,6144,1715,0.2686,1.654,3.625,-0.00374,20.01352,2.17701,0.00067,0.0
7,7168,1994,0.2186,0.953,3.674,-0.00448,16.75906,2.15264,0.00243,0.0005
8,8192,2272,0.2446,1.349,3.68,-0.00491,17.36883,2.13648,0.00298,0.0007
9,9216,2556,0.257,1.465,3.609,-0.0039,17.60346,2.11551,0.00132,0.0
10,10240,2837,0.2633,1.591,3.641,-0.00778,18.60185,2.12771,0.0036,0.0042
11,11264,3120,0.2968,2.067,3.615,-0.00352,19.24629,2.07324,0.00139,0.0007
12,12288,3401,0.242,1.27,3.641,-0.00273,17.853,2.04809,0.00149,0.0007
13,13312,3680,0.2796,1.871,3.677,-0.00108,21.10256,2.03231,0.00033,0.0
14,14336,3937,0.2763,2.128,3.984,-0.00255,20.18392,2.00591,0.00078,0.0
15,15360,4205,0.306,2.414,3.825,-0.00406,21.21652,1.98347,0.00198,0.0005
16,16384,4470,0.317,2.604,3.849,-0.00263,23.11387,1.9664,0.00109,0.0
17,17408,4734,0.322,2.712,3.883,-0.00347,21.78394,1.89264,0.00225,0.0007
18,18432,5015,0.3452,2.815,3.637,-0.00474,22.54888,1.94307,0.00207,0.001
19,19456,5280,0.317,2.623,3.868,-0.00546,20.82755,1.81774,0.00303,0.0044
20,20480,5546,0.3008,2.368,3.857,-0.00325,21.99343,1.87594,0.00148,0.0005
21,21504,5805,0.332,2.934,3.954,-0.00398,22.02721,1.80723,0.0022,0.0012
22,22528,6073,0.3731,3.41,3.813,-0.00286,25.64367,1.80016,0.00098,0.0002
23,23552,6342,0.3606,3.223,3.814,-0.00488,22.96018,1.74376,0.00211,0.0027
24,24576,6625,0.3463,2.813,3.618,-0.00405,24.18061,1.73474,0.00246,0.0007
25,25600,6895,0.3889,3.626,3.793,-0.00236,24.80888,1.68874,0.00112,0.001
26,26624,7166,0.3395,2.878,3.786,-0.00109,22.33477,1.68625,0.00051,0.0
27,27648,7437,0.3542,3.092,3.779,-0.00411,24.27916,1.65598,0.00179,0.0012
28,28672,7711,0.3577,3.102,3.737,-0.00346,24.08945,1.64954,0.00193,0.0007
29,29696,7979,0.3731,3.41,3.813,-0.00154,25.25831,1.64575,0.00114,0.0005
30,30720,8257,0.3453,2.867,3.687,-0.00311,24.77861,1.60721,0.00227,0.0007
31,31744,8535,0.4173,3.946,3.687,-0.00199,24.18475,1.64618,0.00083,0.0
32,32768,8798,0.308,2.513,3.894,-0.00384,22.91004,1.55567,0.00301,0.0017
33,33792,9066,0.3619,3.243,3.813,-0.00306,22.7273,1.57124,0.00185,0.001
34,34816,9344,0.4029,3.734,3.691,-0.00085,24.4162,1.55731,0.00032,0.0
35,35840,9612,0.3619,3.246,3.817,-0.0017,24.77739,1.56521,0.00088,0.0
36,36864,9900,0.3611,2.976,3.559,-0.003,23.89301,1.57174,0.00176,0.001
37,37888,10175,0.4218,4.044,3.716,-0.00251,23.68369,1.54901,0.00157,0.0002
38,38912,10452,0.3935,3.599,3.697,-0.00186,24.1969,1.53774,0.00116,0.001
39,39936,10725,0.3919,3.623,3.744,-0.00402,24.93176,1.48879,0.00222,0.0007
40,40960,10982,0.4163,4.237,3.992,-0.00245,24.30531,1.46307,0.00098,0.001
41,41984,11267,0.386,3.382,3.593,-0.00227,24.20695,1.44768,0.00108,0.0
42,43008,11558,0.3574,2.88,3.519,-0.00219,23.67094,1.43031,0.00196,0.0
43,44032,11830,0.3456,2.952,3.768,-0.00131,23.29019,1.4187,0.00069,0.0
44,45056,12094,0.375,3.504,3.879,-0.00132,23.80674,1.38368,0.00074,0.0005
45,46080,12364,0.4,3.781,3.781,-0.00306,23.78083,1.40138,0.00208,0.0024
46,47104,12646,0.4007,3.631,3.621,-0.00179,23.86644,1.42409,0.00156,0.0024
47,48128,12919,0.3626,3.212,3.773,-0.00282,23.55795,1.409,0.00137,0.001
48,49152,13201,0.422,3.965,3.635,-0.00326,24.65091,1.39553,0.00161,0.0
49,50176,13471,0.3519,3.067,3.789,-0.00324,22.60212,1.38588,0.0022,0.0022
50,51200,13729,0.3566,3.314,3.965,-0.00197,23.52453,1.39914,0.00177,0.002
51,52224,14014,0.4351,4.116,3.589,-0.00293,24.62991,1.39597,0.00143,0.0
52,53248,14280,0.3609,3.271,3.857,-0.00161,23.49661,1.39244,0.00102,0.0
53,54272,14556,0.3406,2.815,3.707,-0.00087,22.72719,1.35573,0.00046,0.0
54,55296,14835,0.3799,3.369,3.67,-0.00227,23.80555,1.34623,0.00092,0.0002
55,56320,15107,0.4449,4.445,3.772,-0.00044,25.59933,1.35014,0.00038,0.0
56,57344,15384,0.3935,3.585,3.682,-0.00155,23.15871,1.32302,0.00114,0.0
57,58368,15655,0.4022,3.819,3.786,-0.00306,23.94,1.32706,0.00241,0.0002
58,59392,15926,0.428,4.207,3.786,-0.00129,24.4424,1.30641,0.00093,0.0
59,60416,16192,0.4398,4.447,3.85,-0.00281,25.27109,1.33384,0.00072,0.0002
60,61440,16463,0.417,4.033,3.779,-0.00502,24.78272,1.29883,0.00234,0.0063
61,62464,16740,0.4368,4.238,3.686,-0.00282,25.15763,1.30548,0.002,0.0005
62,63488,17002,0.3931,3.813,3.916,-0.00242,24.62078,1.27956,0.00134,0.0005
63,64512,17285,0.3816,3.339,3.615,-0.00211,24.13942,1.2825,0.00089,0.0
64,65536,17552,0.4494,4.584,3.843,-0.00213,24.99622,1.26684,0.00075,0.0
65,66560,17815,0.3802,3.593,3.89,-0.00207,24.61991,1.25816,0.00125,0.0005
66,67584,18085,0.3963,3.741,3.796,-0.00481,24.0373,1.29462,0.00416,0.0022
67,68608,18359,0.4453,4.412,3.734,-0.0024,24.11727,1.29347,0.00127,0.002
68,69632,18627,0.4552,4.653,3.825,-0.00188,25.04134,1.28224,0.00091,0.0
69,70656,18897,0.4111,3.956,3.789,-0.00204,24.35664,1.25382,0.00101,0.0007
70,71680,19168,0.3948,3.705,3.782,-0.00179,24.12734,1.25376,0.00069,0.0
71,72704,19441,0.3956,3.685,3.751,-0.0031,23.44663,1.25263,0.00217,0.009
72,73728,19701,0.4308,4.388,3.927,-0.00261,24.84104,1.22918,0.0015,0.0012
73,74752,19982,0.4128,3.84,3.648,-0.00198,24.48075,1.24137,0.00163,0.0002
74,75776,20255,0.4469,4.451,3.747,-0.00102,24.7562,1.2395,0.00067,0.0
75,76800,20526,0.3838,3.535,3.779,-0.00267,23.81101,1.22455,0.00159,0.0012
76,77824,20798,0.4007,3.772,3.761,-0.0024,23.59738,1.23729,0.00108,0.0002
77,78848,21074,0.4058,3.812,3.725,-0.00163,24.57633,1.2504,0.00112,0.0002
78,79872,21336,0.3779,3.573,3.905,-0.00262,23.93651,1.22951,0.00179,0.0
79,80896,21599,0.403,3.939,3.894,-0.00118,23.8365,1.18359,0.00088,0.0
80,81920,21872,0.4396,4.341,3.747,-0.00086,24.52133,1.18803,0.00043,0.0
81,82944,22152,0.4429,4.3,3.657,-0.00139,24.11744,1.18557,0.0009,0.0
82,83968,22437,0.414,3.807,3.596,-0.00144,23.67434,1.21958,0.00078,0.0007
83,84992,22704,0.4232,4.18,3.831,-0.00246,24.07924,1.18129,0.00104,0.0002
84,86016,22961,0.3852,3.763,3.984,-0.00129,23.74185,1.1669,0.00055,0.0
85,87040,23220,0.3861,3.753,3.961,-0.00316,23.35216,1.16188,0.00161,0.0007
86,88064,23487,0.4157,4.071,3.835,-0.00131,24.12859,1.20184,0.00117,0.0
87,89088,23755,0.3881,3.631,3.81,-0.00166,23.95296,1.19755,0.00091,0.0
88,90112,24028,0.37,3.311,3.762,-0.00279,23.67146,1.19301,0.00122,0.002
89,91136,24306,0.4496,4.421,3.676,-0.00112,24.8368,1.17609,0.00072,0.0
90,92160,24589,0.3887,3.456,3.625,-0.00346,24.61388,1.20471,0.00173,0.0005
91,93184,24853,0.4356,4.409,3.875,-0.00199,24.73546,1.17786,0.00078,0.0
92,94208,25141,0.4306,4.0,3.542,-0.00085,25.63211,1.18445,0.00021,0.0
93,95232,25421,0.4393,4.261,3.671,-0.00142,23.55429,1.1764,0.00071,0.0
94,96256,25687,0.4098,3.992,3.846,-0.00272,25.13734,1.18626,0.0011,0.0007
95,97280,25961,0.3759,3.372,3.734,-0.00241,23.68136,1.20556,0.00126,0.0
96,98304,26228,0.4007,3.858,3.846,-0.00156,24.2546,1.18403,0.00092,0.0
97,99328,26493,0.4717,4.932,3.857,-0.00139,24.62619,1.19633,0.00069,0.0002
98,100352,26755,0.4427,4.553,3.912,-0.00206,23.86918,1.19131,0.00125,0.0
99,101376,27028,0.4432,4.396,3.747,-0.00229,24.89622,1.18358,0.00133,0.001
100,102400,27301,0.4542,4.56,3.747,-0.00239,23.82942,1.17536,0.00155,0.0
101,103424,27571,0.4407,4.411,3.8,-0.00239,24.127,1.20569,0.00161,0.0002
102,104448,27849,0.4101,3.817,3.665,-0.00114,24.63203,1.14831,0.00069,0.0
103,105472,28121,0.4412,4.401,3.783,-0.00113,25.08121,1.1848,0.00049,0.0
104,106496,28386,0.4264,4.26,3.864,-0.00215,24.14254,1.16615,0.00116,0.0
105,107520,28661,0.4291,4.156,3.72,-0.00183,25.3051,1.18972,0.00123,0.0007
106,108544,28923,0.4084,4.034,3.908,-0.00188,24.84374,1.17953,0.00121,0.0
107,109568,29184,0.4061,4.011,3.92,-0.00142,24.7921,1.19824,0.00122,0.0
108,110592,29452,0.3843,3.593,3.828,-0.00156,23.40145,1.21314,0.00086,0.0
109,111616,29715,0.4563,4.738,3.894,-0.00233,24.59976,1.19503,0.00092,0.0
110,112640,29979,0.4394,4.47,3.879,-0.00202,24.86363,1.21303,0.00086,0.0007
111,113664,30264,0.3789,3.274,3.589,-0.00073,24.05828,1.21286,0.00043,0.0
112,114688,30536,0.3897,3.599,3.754,-0.00169,24.46908,1.18732,0.00097,0.0
113,115712,30807,0.3875,3.605,3.793,-0.00298,23.5756,1.19459,0.00179,0.0
114,116736,31080,0.4139,3.952,3.744,-0.00138,24.28584,1.20485,0.00088,0.0
115,117760,31342,0.4542,4.718,3.905,-0.00128,24.44184,1.16739,0.0009,0.001
116,118784,31619,0.3935,3.614,3.711,-0.00114,24.78929,1.20424,0.0006,0.0
117,119808,31887,0.4552,4.649,3.821,-0.00188,24.62397,1.18286,0.00085,0.0002
118,120832,32178,0.4261,3.9,3.509,-0.00111,24.14107,1.23441,0.0004,0.0
119,121856,32454,0.3986,3.678,3.699,-0.00024,24.02327,1.2032,0.00039,0.0
120,122880,32728,0.4161,3.989,3.748,-0.00205,24.90955,1.20087,0.001,0.0
121,123904,33005,0.3791,3.39,3.704,-0.00163,24.38698,1.17842,0.00078,0.0
122,124928,33269,0.4091,3.996,3.86,-0.00424,24.17811,1.16218,0.00226,0.0046
123,125952,33553,0.4085,3.75,3.623,-0.00162,23.50162,1.19095,0.00072,0.0
124,126976,33816,0.4259,4.278,3.89,-0.0008,24.52569,1.17313,0.00063,0.0
125,128000,34098,0.4504,4.369,3.613,-0.00163,25.53604,1.165,0.00094,0.0
126,129024,34378,0.4036,3.736,3.682,-0.00159,24.71971,1.17709,0.00065,0.0007
127,130048,34669,0.3505,2.777,3.519,-0.00148,23.871,1.19254,0.00039,0.0
128,131072,34933,0.4129,4.068,3.875,-0.0013,23.70749,1.16631,0.00074,0.0
129,132096,35219,0.4196,3.871,3.577,-0.00105,24.49148,1.15116,0.00054,0.0
130,133120,35491,0.4412,4.382,3.765,-0.00266,24.87407,1.17134,0.00145,0.0
131,134144,35760,0.4089,3.944,3.81,-0.00174,24.64085,1.14323,0.00115,0.0002
132,135168,36036,0.413,3.909,3.714,-0.001,24.34095,1.17479,0.00039,0.0
133,136192,36316,0.4286,4.079,3.65,-0.00094,23.94672,1.14294,0.0005,0.0
134,137216,36582,0.4398,4.447,3.85,-0.00069,24.4657,1.15533,0.00049,0.0
135,138240,36854,0.4044,3.838,3.772,-0.00251,25.2297,1.15755,0.00089,0.0
136,139264,37120,0.3684,3.376,3.85,-0.00136,23.68507,1.13856,0.00064,0.0
137,140288,37405,0.4281,4.0,3.579,-0.00186,24.98439,1.15689,0.00085,0.0002
138,141312,37672,0.4232,4.184,3.835,-0.00136,24.34782,1.18704,0.00072,0.0
139,142336,37937,0.4113,4.034,3.864,-0.00219,23.88628,1.16457,0.00057,0.0
140,143360,38221,0.4366,4.148,3.599,-0.00187,24.85582,1.15553,0.00117,0.001
141,144384,38494,0.4249,4.147,3.773,-0.00081,24.67695,1.14989,0.00044,0.0
142,145408,38766,0.4596,4.643,3.75,-0.00287,24.37623,1.19924,0.00171,0.0005
143,146432,39031,0.3925,3.758,3.872,-0.00167,23.86428,1.18334,0.00111,0.0002
144,147456,39300,0.4647,4.773,3.803,-0.00168,24.3767,1.18364,0.0007,0.0
145,148480,39573,0.3956,3.696,3.762,-0.00133,23.72904,1.19135,0.00068,0.0002
146,149504,39852,0.4803,4.871,3.667,-0.00199,25.93232,1.18414,0.00047,0.0
147,150528,40129,0.4368,4.249,3.697,-0.00152,24.98745,1.16372,0.00065,0.0
148,151552,40406,0.4404,4.296,3.69,-0.00099,24.6654,1.15544,0.00061,0.0
149,152576,40682,0.4529,4.511,3.717,-0.00251,24.41297,1.16055,0.00092,0.0
150,153600,40952,0.4481,4.515,3.793,-0.00227,24.37207,1.15264,0.00097,0.0
151,154624,41223,0.4649,4.756,3.782,-0.00114,25.1405,1.16902,0.00046,0.0
152,155648,41487,0.447,4.58,3.875,-0.00191,24.49528,1.16098,0.00075,0.0
153,156672,41747,0.4231,4.277,3.931,-0.00261,24.79129,1.15355,0.00119,0.0007
154,157696,42023,0.4239,4.065,3.707,-0.00173,24.12821,1.13748,0.00082,0.0
155,158720,42287,0.4924,5.28,3.894,-0.00346,24.50189,1.13795,0.00094,0.0024
156,159744,42549,0.4656,4.893,3.908,-0.0015,25.35872,1.10085,0.00099,0.0
157,160768,42815,0.4774,5.011,3.85,-0.00143,25.0569,1.12811,0.00076,0.0007
158,161792,43080,0.4604,4.758,3.853,-0.00146,24.63593,1.12486,0.00066,0.0
159,162816,43360,0.4536,4.464,3.661,-0.00135,25.50512,1.13975,0.00085,0.0
160,163840,43639,0.4229,4.018,3.674,-0.00335,24.7276,1.141,0.00204,0.0005
161,164864,43920,0.4306,4.096,3.637,-0.00261,24.85718,1.12949,0.001,0.0
162,165888,44184,0.4015,3.909,3.886,-0.00191,24.04091,1.08954,0.00098,0.0
163,166912,44474,0.431,3.983,3.517,-0.00151,24.33562,1.12701,0.00107,0.0
164,167936,44753,0.4516,4.452,3.677,-0.00192,24.30904,1.10901,0.00057,0.0002
165,168960,45015,0.4008,3.931,3.92,-0.00189,24.30839,1.09044,0.0009,0.0
166,169984,45291,0.4384,4.283,3.707,-0.00204,24.43765,1.10973,0.00075,0.0005
167,171008,45557,0.4812,5.068,3.85,-0.00148,24.54451,1.11344,0.00077,0.0002
168,172032,45837,0.4214,3.975,3.654,-0.00104,24.74749,1.12445,0.00057,0.0
169,173056,46093,0.4727,5.078,3.988,-0.00208,24.79199,1.08682,0.00091,0.0
170,174080,46366,0.4505,4.516,3.758,-0.0026,25.01355,1.10779,0.00124,0.0
171,175104,46636,0.463,4.748,3.804,-0.00088,24.40134,1.12002,0.0005,0.0
172,176128,46900,0.4015,3.898,3.875,-0.00097,23.73606,1.1075,0.00046,0.0
173,177152,47173,0.4249,4.121,3.747,-0.00064,23.78216,1.12811,0.00042,0.0
174,178176,47444,0.4022,3.797,3.764,-0.00108,24.05519,1.12263,0.00035,0.0
175,179200,47698,0.4724,5.126,4.039,-0.00335,24.73238,1.05946,0.00126,0.0
176,180224,47983,0.407,3.712,3.607,-0.00132,24.28916,1.1324,0.00036,0.0
177,181248,48252,0.4126,3.989,3.799,-0.00094,23.88699,1.11102,0.00054,0.0
178,182272,48518,0.4586,4.729,3.85,-0.00247,24.50474,1.08597,0.00094,0.0
179,183296,48807,0.4429,4.18,3.536,-0.00209,24.67165,1.12165,0.00116,0.0
180,184320,49078,0.4391,4.376,3.79,-0.00197,24.54219,1.10928,0.00083,0.0
181,185344,49343,0.4,3.868,3.868,-0.00079,24.47926,1.09547,0.00023,0.0
182,186368,49613,0.4333,4.281,3.781,-0.00226,23.74416,1.09736,0.00125,0.0
183,187392,49881,0.4254,4.213,3.832,-0.00119,24.8193,1.07466,0.0005,0.0
184,188416,50157,0.4348,4.225,3.703,-0.00098,25.51991,1.09118,0.00034,0.0
185,189440,50418,0.4215,4.238,3.916,-0.00188,24.33582,1.0792,0.001,0.0
186,190464,50699,0.427,4.046,3.641,-0.00078,24.23584,1.1066,0.00049,0.0
187,191488,50977,0.3993,3.687,3.698,-0.00134,24.06725,1.08075,0.00057,0.0
188,192512,51248,0.4539,4.587,3.779,-0.00081,24.87197,1.07901,0.00025,0.0
189,193536,51522,0.4526,4.529,3.741,-0.00208,24.54206,1.09139,0.00065,0.0
190,194560,51792,0.4741,4.9,3.789,-0.00089,25.25059,1.09664,0.00049,0.0
191,195584,52054,0.4962,5.351,3.908,-0.00181,25.13505,1.0594,0.00069,0.0
192,196608,52322,0.4067,3.925,3.825,-0.00191,24.42243,1.05739,0.00087,0.0
193,197632,52593,0.4502,4.517,3.764,-0.00148,25.00066,1.09336,0.00072,0.0
